,KNN,SVM,MLP,RF,GB,MLR
0,2.167271327839433,2.1240922886554756,2.0393498204899414,2.1351930316242256,2.128748282828197,2.206463405245315
